ID,Age,Sex,Job,Housing,Saving accounts,Checking account,Credit amount,Duration,Purpose
4437,67,male,2,own,Rich,little,1169,6,radio/TV
9543,22,female,2,own,little,moderate,5951,48,radio/TV
8489,49,male,1,own,little,Moderate,2096,12,education
4870,45,male,2,free,little,little,7882,42,furniture/equipment
5317,53,male,2,free,little,little,4870,24,car
9473,35,male,1,free,Moderate,Moderate,9055,36,education
4703,53,male,2,own,quite rich,Rich,2835,24,furniture/equipment
6034,35,male,3,rent,little,moderate,6948,36,car
8391,61,male,1,own,rich,Moderate,3059,12,radio/TV
1006,28,male,3,own,little,moderate,5234,30,car
7252,25,female,2,rent,little,moderate,1295,12,car
1906,24,female,2,rent,little,little,4308,48,business
2794,22,female,2,own,little,moderate,1567,12,radio/TV
9366,60,male,1,own,little,little,1199,24,car
8794,28,female,2,rent,little,little,1403,15,car
9501,32,female,1,own,moderate,little,1282,24,radio/TV
7385,53,male,2,own,Rich,Rich,2424,24,radio/TV
4203,25,male,2,own,Rich,little,8072,30,business
1767,44,female,3,free,little,moderate,12579,24,car
3350,31,male,2,own,quite rich,Rich,3430,24,radio/TV
3449,48,male,2,own,little,Rich,2134,9,car
1834,44,male,2,rent,quite rich,little,2647,6,radio/TV
3456,48,male,1,rent,little,little,2241,10,car
5398,44,male,2,own,moderate,moderate,1804,12,car
6668,26,male,2,own,Rich,Rich,2069,10,furniture/equipment
6717,36,male,1,own,little,little,1374,6,furniture/equipment
6275,39,male,1,own,little,Moderate,426,6,radio/TV
4020,42,female,2,rent,rich,rich,409,12,radio/TV
8363,34,male,2,own,little,moderate,2415,7,radio/TV
1792,63,male,2,own,little,little,6836,60,business
6232,36,male,2,own,rich,moderate,1913,18,business
7638,27,male,2,own,little,little,4020,24,furniture/equipment
4315,30,male,2,own,moderate,moderate,5866,18,car
2518,57,male,1,rent,Moderate,Moderate,1264,12,business
4363,33,female,3,own,little,rich,1474,12,furniture/equipment
2296,25,male,1,own,little,moderate,4746,45,radio/TV
9096,31,male,2,free,little,little,6110,48,education
6341,37,male,2,own,little,rich,2100,18,radio/TV
2459,37,male,2,own,little,rich,1225,10,domestic appliances
8248,24,male,2,own,little,moderate,458,9,radio/TV
2368,30,male,3,own,quite rich,Rich,2333,30,radio/TV
5380,26,male,2,own,quite rich,moderate,1158,12,radio/TV
1893,44,male,1,own,little,moderate,6204,18,repairs
5985,24,male,2,rent,moderate,little,6187,30,car
2822,58,female,1,free,little,little,6143,48,car
3682,35,female,3,own,little,Rich,1393,11,car
1289,39,male,2,own,quite rich,Rich,2299,36,radio/TV
1078,23,female,0,rent,quite rich,little,1352,6,car
1772,39,male,1,own,little,Moderate,7228,11,car
9544,28,female,2,own,moderate,Rich,2073,12,radio/TV
8533,29,male,1,own,Moderate,moderate,2333,24,furniture/equipment
4503,30,male,3,own,little,moderate,5965,27,car
4538,25,male,2,own,little,Rich,1262,12,radio/TV
9226,31,male,2,own,Rich,Rich,3378,18,car
8301,57,male,2,free,little,moderate,2225,36,car
8916,26,male,1,own,Moderate,Moderate,783,6,car
6590,52,male,3,own,Rich,moderate,6468,12,radio/TV
8769,31,female,2,own,little,Rich,9566,36,radio/TV
7012,23,female,3,own,little,rich,1961,18,car
5121,23,female,1,rent,little,little,6229,36,furniture/equipment
3673,27,male,2,own,little,moderate,1391,9,business
7410,50,male,2,own,Rich,moderate,1537,15,radio/TV
5972,61,male,3,free,little,moderate,1953,36,business
5525,25,male,2,own,little,moderate,14421,48,business
7534,26,female,2,own,little,Rich,3181,24,radio/TV
6939,48,male,2,own,Rich,Rich,5190,27,repairs
6401,29,female,2,own,little,Rich,2171,12,radio/TV
5097,22,male,2,own,rich,moderate,1007,12,car
9541,37,male,2,free,little,little,1819,36,education
4458,25,female,2,own,Rich,Rich,2394,36,radio/TV
5537,30,female,2,own,little,Rich,8133,36,car
3564,46,male,1,rent,Moderate,Moderate,730,7,radio/TV
5249,51,male,3,free,little,little,1164,8,vacation/others
9135,41,female,1,own,little,moderate,5954,42,business
2763,40,male,3,own,Rich,little,1977,36,education
8283,66,male,3,free,little,little,1526,12,car
6037,34,male,2,own,little,little,3965,42,radio/TV
1648,51,male,2,own,little,moderate,4771,11,radio/TV
1113,39,male,1,own,Moderate,Moderate,9436,54,car
4252,22,male,2,own,little,moderate,3832,30,furniture/equipment
4452,44,female,2,own,Rich,Rich,5943,24,radio/TV
9177,47,male,2,own,quite rich,Rich,1213,15,radio/TV
9071,24,female,1,rent,moderate,Moderate,1568,18,business
1684,58,female,1,own,little,little,1755,24,vacation/others
6073,52,male,1,own,little,little,2315,10,radio/TV
1204,29,female,3,own,little,Rich,1412,12,business
6463,27,female,2,own,little,moderate,1295,18,furniture/equipment
5206,47,male,2,free,moderate,moderate,12612,36,education
1365,30,male,3,own,moderate,little,2249,18,car
6259,28,male,2,own,little,little,1108,12,repairs
8904,56,male,2,own,little,Rich,618,12,radio/TV
6114,54,male,2,own,little,little,1409,12,car
3539,33,female,1,own,Moderate,Moderate,797,12,radio/TV
5717,20,male,2,rent,little,rich,3617,24,furniture/equipment
1552,54,male,2,own,rich,moderate,1318,12,car
5331,58,male,2,rent,little,moderate,15945,54,business
9800,61,female,2,own,Rich,Rich,2012,12,education
1473,34,male,2,own,moderate,moderate,2622,18,business
4074,36,male,2,own,little,moderate,2337,36,radio/TV
2162,36,male,3,rent,little,moderate,7057,20,car
6831,41,male,1,rent,moderate,Moderate,1469,24,car
9356,24,male,2,rent,little,moderate,2323,36,radio/TV
6963,24,female,2,own,little,Rich,932,6,radio/TV
9281,35,male,2,rent,little,moderate,1919,9,furniture/equipment
2726,26,male,2,rent,little,little,2445,12,car
4909,39,male,3,own,little,moderate,11938,24,vacation/others
6810,39,male,3,own,little,Rich,6458,18,car
7203,32,male,2,own,little,moderate,6078,12,car
2846,30,female,2,own,Rich,little,7721,24,furniture/equipment
6957,35,male,2,own,quite rich,moderate,1410,14,business
7822,31,male,2,own,moderate,moderate,1449,6,business
7454,23,female,2,rent,little,rich,392,15,education
9220,28,male,1,rent,little,moderate,6260,18,car
1549,25,female,2,own,little,Rich,7855,36,car
4166,35,male,2,own,quite rich,little,1680,12,radio/TV
8731,47,male,2,own,Rich,Rich,3578,48,radio/TV
9499,30,female,3,own,Rich,little,7174,42,radio/TV
7452,27,female,2,rent,little,little,2132,10,furniture/equipment
2039,23,female,2,own,quite rich,little,4281,33,furniture/equipment
9547,36,male,3,own,quite rich,moderate,2366,12,car
2668,25,female,2,own,little,little,1835,21,radio/TV
5743,41,female,3,rent,little,little,3868,24,car
6280,24,male,1,rent,little,Moderate,1768,12,furniture/equipment
4054,63,male,2,free,little,rich,781,10,car
3624,27,female,2,rent,little,moderate,1924,18,furniture/equipment
3494,30,male,2,own,little,little,2121,12,car
4764,40,male,1,own,little,little,701,12,radio/TV
1160,30,male,2,own,little,moderate,639,12,repairs
1779,34,male,3,own,little,moderate,1860,12,car
8080,29,female,2,own,little,little,3499,12,car
8891,24,female,2,own,Rich,moderate,8487,48,car
2075,29,male,2,own,little,little,6887,36,education
7850,27,male,1,own,little,Moderate,2708,15,furniture/equipment
2927,47,male,2,free,little,little,1984,18,furniture/equipment
6193,21,female,2,own,moderate,Rich,10144,60,radio/TV
4142,38,female,2,own,Rich,Rich,1240,12,radio/TV
7394,27,male,2,own,rich,Rich,8613,27,car
4239,66,male,1,own,quite rich,moderate,766,12,radio/TV
9414,35,male,2,own,Rich,moderate,2728,15,radio/TV
8610,44,female,1,rent,little,rich,1881,12,radio/TV
9957,27,male,0,own,rich,rich,709,6,car
3130,30,female,3,own,little,moderate,4795,36,radio/TV
7986,27,male,3,own,little,little,3416,27,radio/TV
9806,22,male,2,own,little,little,2462,18,furniture/equipment
1668,23,female,2,own,little,Rich,2288,21,furniture/equipment
2301,30,male,2,own,moderate,moderate,3566,48,business
8532,39,female,2,own,little,little,860,6,car
2108,51,female,2,own,moderate,Rich,682,12,car
7150,28,male,2,own,little,little,5371,36,furniture/equipment
7421,46,male,2,own,rich,Rich,1582,18,radio/TV
5149,42,male,2,free,moderate,little,1346,6,radio/TV
9728,38,male,2,own,little,Rich,1924,10,radio/TV
4241,24,male,2,own,little,rich,5848,36,radio/TV
1293,29,female,2,rent,rich,moderate,7758,24,car
8835,36,male,3,rent,moderate,moderate,6967,24,business
8151,20,female,2,rent,little,little,1282,12,furniture/equipment
4898,48,male,2,own,moderate,little,1288,9,repairs
2592,45,male,1,own,little,little,339,12,education
7352,38,male,2,own,moderate,moderate,3512,24,car
5110,34,male,1,own,Moderate,Moderate,1898,6,radio/TV
3138,36,male,2,own,moderate,Rich,2872,24,radio/TV
8122,30,female,2,own,little,Rich,1055,18,car
6231,36,male,2,own,quite rich,Rich,1262,15,domestic appliances
4212,70,male,3,free,little,moderate,7308,10,car
4426,36,male,2,own,quite rich,Rich,909,36,car
8883,32,male,2,own,quite rich,Rich,2978,6,furniture/equipment
7283,33,female,2,own,little,little,1131,18,furniture/equipment
3152,20,female,2,own,rich,moderate,1577,11,furniture/equipment
4403,25,female,2,rent,little,little,3972,24,furniture/equipment
5433,31,male,2,own,little,moderate,1935,24,business
5933,33,male,2,rent,little,little,950,15,car
3106,26,female,2,own,little,Rich,763,12,furniture/equipment
1047,34,female,3,own,little,moderate,2064,24,furniture/equipment
5634,33,male,2,own,little,moderate,1414,8,radio/TV
2875,26,male,2,own,little,little,3414,21,education
3528,53,female,3,own,Rich,Rich,7485,30,car
2962,42,male,2,own,little,little,2577,12,furniture/equipment
3831,52,male,2,own,quite rich,little,338,6,radio/TV
5706,31,male,3,rent,little,little,1963,12,radio/TV
2506,65,male,2,own,little,little,571,21,car
3523,28,male,2,own,little,Rich,9572,36,business
6087,30,male,3,own,little,moderate,4455,36,business
3047,40,male,1,own,Moderate,little,1647,21,car
7354,50,male,2,own,rich,Rich,3777,24,furniture/equipment
5539,36,male,2,own,little,moderate,884,18,car
2103,31,male,2,own,little,Rich,1360,15,radio/TV
8650,74,female,3,free,little,moderate,5129,9,car
3989,68,male,0,free,little,moderate,1175,16,car
5729,20,male,2,own,moderate,little,674,12,radio/TV
9169,33,female,2,own,little,moderate,3244,18,furniture/equipment
8946,54,male,3,own,rich,Rich,4591,24,business
1687,34,male,1,free,moderate,moderate,3844,48,business
8839,36,male,2,own,little,moderate,3915,27,business
5621,29,male,2,rent,little,little,2108,6,radio/TV
8324,21,male,2,rent,moderate,moderate,3031,45,radio/TV
9595,34,female,3,own,little,moderate,1501,9,education
2177,28,female,2,own,little,Rich,1382,6,radio/TV
1827,27,female,2,rent,moderate,moderate,951,12,furniture/equipment
9200,36,male,2,free,little,moderate,2760,24,car
1588,40,male,3,own,little,moderate,4297,18,furniture/equipment
2887,52,male,2,own,quite rich,Rich,936,9,education
8512,27,male,1,own,little,little,1168,12,car
3489,26,male,2,own,little,Rich,5117,27,business
3144,21,male,2,rent,little,little,902,12,education
3677,38,male,1,own,little,Moderate,1495,12,car
9430,38,male,3,free,little,little,10623,30,car
6320,43,male,2,own,little,Rich,1935,12,furniture/equipment
7597,26,male,2,own,little,moderate,1424,12,domestic appliances
9055,21,male,1,own,little,little,6568,24,business
4513,55,male,2,own,rich,Rich,1413,12,car
2434,33,male,2,own,Rich,Rich,3074,9,radio/TV
2642,45,female,1,own,Moderate,Moderate,3835,36,radio/TV
5849,50,male,2,own,little,little,5293,27,business
8477,66,male,3,own,little,rich,1908,30,business
2014,51,male,2,own,Rich,Rich,3342,36,radio/TV
6389,39,female,1,own,Moderate,moderate,932,6,education
8931,31,male,2,own,little,little,3104,18,business
4648,23,male,2,own,little,rich,3913,36,radio/TV
6332,24,male,1,rent,little,little,3021,24,furniture/equipment
9932,64,female,2,own,little,Rich,1364,10,car
6793,26,male,1,own,little,moderate,625,12,radio/TV
6498,23,female,2,rent,little,little,1200,12,education
5346,30,male,2,own,little,Rich,707,12,radio/TV
8428,32,male,2,own,Rich,Rich,2978,24,business
6613,30,male,2,own,little,Rich,4657,15,car
5925,27,male,2,own,little,Rich,2613,36,repairs
4476,27,male,2,own,rich,moderate,10961,48,radio/TV
9010,53,male,3,free,little,little,7865,12,furniture/equipment
6499,22,male,2,own,little,Rich,1478,9,radio/TV
4062,22,male,2,free,little,little,3149,24,furniture/equipment
2661,26,male,2,own,little,rich,4210,36,radio/TV
1301,51,male,1,free,quite rich,Moderate,2507,9,car
2803,35,male,2,own,moderate,Rich,2141,12,radio/TV
4026,25,male,1,own,little,moderate,866,18,radio/TV
9555,42,male,1,own,little,Moderate,1544,4,radio/TV
5982,30,male,3,own,little,little,1823,24,radio/TV
5499,23,male,0,own,little,moderate,14555,6,car
5540,61,male,1,rent,moderate,moderate,2767,21,business
3083,35,female,2,own,little,Rich,1291,12,radio/TV
4547,39,male,2,own,little,little,2522,30,radio/TV
3084,29,female,2,own,Rich,little,915,24,car
9650,51,male,2,own,little,Rich,1595,6,radio/TV
3473,24,male,2,free,little,little,4605,48,car
4619,27,female,2,own,little,Rich,1185,12,business
9058,35,female,1,own,quite rich,Moderate,3447,12,education
3255,25,male,2,own,little,Rich,1258,24,business
1180,52,male,2,own,little,Rich,717,12,radio/TV
4125,35,male,2,rent,moderate,little,1204,6,car
1286,26,male,2,own,little,rich,1925,24,furniture/equipment
7098,22,female,2,rent,little,little,433,18,radio/TV
2435,39,female,1,own,rich,little,666,6,car
1861,46,female,1,own,little,rich,2251,12,furniture/equipment
4765,24,female,2,own,little,moderate,2150,30,car
3276,35,male,2,own,moderate,Rich,4151,24,furniture/equipment
2007,24,male,2,own,Rich,moderate,2030,9,furniture/equipment
6350,27,male,1,own,Moderate,moderate,7418,60,radio/TV
9257,35,male,1,own,little,Moderate,2684,24,radio/TV
6968,29,male,2,free,little,little,2149,12,radio/TV
5427,23,female,2,own,moderate,Rich,3812,15,car
1090,57,female,1,own,moderate,Moderate,1154,11,radio/TV
8901,27,male,2,own,little,little,1657,12,furniture/equipment
1302,55,female,2,own,little,little,1603,24,radio/TV
1360,36,male,3,free,little,little,5302,18,car
9597,57,female,1,free,little,Moderate,2748,12,education
6765,32,male,1,own,little,Moderate,1231,10,car
7973,37,male,2,own,little,moderate,802,15,radio/TV
9127,36,male,2,own,Rich,Rich,6304,36,business
8427,38,female,2,own,little,Rich,1533,24,radio/TV
9500,45,male,3,own,little,little,8978,14,car
1421,25,male,2,own,Rich,Rich,999,24,radio/TV
4577,32,male,2,own,Rich,Rich,2662,18,car
2194,37,female,2,rent,quite rich,little,1402,12,furniture/equipment
1376,36,male,3,free,little,moderate,12169,48,car
9192,28,male,2,own,little,moderate,3060,48,radio/TV
8343,34,male,1,own,little,little,11998,30,repairs
4937,32,male,2,own,little,Rich,2697,9,radio/TV
2635,26,female,2,own,little,Rich,2404,18,radio/TV
3059,49,male,1,own,Moderate,little,1262,12,furniture/equipment
3732,32,female,2,own,little,Rich,4611,6,furniture/equipment
4906,29,male,3,rent,moderate,little,1901,24,radio/TV
7221,23,male,2,rent,rich,little,3368,15,car
1501,50,male,2,own,little,Rich,1574,12,furniture/equipment
4929,49,male,1,own,Moderate,rich,1445,18,radio/TV
8209,63,male,2,own,Rich,Rich,1520,15,furniture/equipment
1038,37,male,2,own,moderate,moderate,3878,24,car
8168,35,female,1,own,little,little,10722,47,car
3516,26,male,2,own,little,little,4788,48,car
9190,31,male,3,free,moderate,moderate,7582,48,vacation/others
3150,49,female,2,own,little,moderate,1092,12,radio/TV
3109,48,male,2,own,little,little,1024,24,radio/TV
1099,26,male,2,own,little,Rich,1076,12,business
1909,28,male,3,rent,little,moderate,9398,36,car
3069,44,female,3,free,little,little,6419,24,car
7984,56,male,2,free,little,rich,4796,42,car
1815,46,male,3,own,Rich,Rich,7629,48,business
6865,26,female,2,own,little,moderate,9960,48,furniture/equipment
8030,20,female,2,rent,little,little,4675,12,car
6779,45,male,1,own,Moderate,Moderate,1287,10,car
7437,43,male,2,own,little,Rich,2515,18,furniture/equipment
9364,32,male,2,own,rich,moderate,2745,21,furniture/equipment
5678,54,female,0,own,little,little,672,6,car
8229,42,female,2,own,little,moderate,3804,36,radio/TV
9681,37,male,1,own,Moderate,rich,1344,24,car
6786,49,male,2,own,little,little,1038,10,car
4527,44,male,2,free,quite rich,little,10127,48,car
5057,33,male,2,own,rich,Rich,1543,6,furniture/equipment
8764,24,female,1,rent,Moderate,Moderate,4811,30,car
3601,33,male,1,own,moderate,little,727,12,radio/TV
7644,24,female,2,own,little,moderate,1237,8,furniture/equipment
5050,22,male,1,rent,little,moderate,276,9,car
5212,40,male,0,free,little,moderate,5381,48,vacation/others
1703,25,male,2,own,moderate,Rich,5511,24,furniture/equipment
8507,26,female,2,own,little,rich,3749,24,furniture/equipment
2402,25,male,1,own,little,moderate,685,12,car
3264,29,male,1,own,Moderate,rich,1494,4,car
3480,31,male,2,own,little,little,2746,36,furniture/equipment
9931,38,male,1,own,little,little,708,12,furniture/equipment
4398,48,female,1,own,Moderate,moderate,4351,24,furniture/equipment
9522,32,male,2,own,little,Rich,701,12,education
2354,27,female,1,own,little,little,3643,15,furniture/equipment
9267,28,male,3,own,little,moderate,4249,30,car
3569,32,male,2,own,little,little,1938,24,radio/TV
5875,34,male,3,free,little,little,2910,24,car
6150,28,male,2,own,rich,little,2659,18,furniture/equipment
2427,36,female,2,own,little,Rich,1028,18,car
7905,39,male,1,own,little,little,3398,8,car
9704,49,male,2,rent,little,little,5801,12,furniture/equipment
1261,34,female,2,own,rich,Rich,1525,24,car
8556,31,male,2,own,little,rich,4473,36,radio/TV
8023,28,male,2,own,little,moderate,1068,6,radio/TV
8263,75,male,3,free,little,little,6615,24,car
7368,30,female,2,own,moderate,Rich,1864,18,education
2805,24,female,3,own,moderate,moderate,7408,60,car
9354,24,female,1,rent,moderate,Moderate,11590,48,car
7395,23,male,2,rent,little,little,4110,24,furniture/equipment
3432,44,male,3,rent,little,little,3384,6,furniture/equipment
9732,23,female,1,own,little,moderate,2101,13,radio/TV
9074,24,female,2,rent,little,little,1275,15,domestic appliances
3829,28,male,2,own,little,little,4169,24,furniture/equipment
5107,31,male,1,own,little,moderate,1521,10,furniture/equipment
8052,24,female,2,free,little,moderate,5743,24,education
8692,26,female,1,rent,little,little,3599,21,furniture/equipment
4491,25,male,2,rent,quite rich,moderate,3213,18,radio/TV
1867,33,male,3,own,little,moderate,4439,18,business
2138,37,male,1,own,little,rich,3949,10,car
7489,43,female,1,own,little,Moderate,1459,15,radio/TV
1734,23,male,2,own,little,moderate,882,13,radio/TV
8144,23,female,0,rent,quite rich,moderate,3758,24,radio/TV
3709,34,male,1,own,moderate,Moderate,1743,6,business
6161,32,male,2,free,rich,moderate,1136,9,education
4129,23,female,2,rent,little,little,1236,9,domestic appliances
4016,29,female,2,own,little,moderate,959,9,furniture/equipment
8576,38,male,3,own,Rich,Rich,3229,18,car
8643,28,male,2,rent,little,little,6199,12,radio/TV
9537,46,male,2,free,quite rich,little,727,10,education
7725,23,male,1,own,little,moderate,1246,24,car
1415,49,male,2,own,Rich,Rich,2331,12,radio/TV
6344,26,male,3,own,little,Rich,4463,36,radio/TV
1693,28,male,2,own,little,Rich,776,12,radio/TV
4772,23,female,2,rent,little,little,2406,30,furniture/equipment
7754,61,male,2,free,little,moderate,1239,18,education
4354,37,male,3,own,Rich,rich,3399,12,radio/TV
7003,36,female,2,own,little,rich,2247,12,car
9586,21,male,2,rent,little,little,1766,6,furniture/equipment
6947,25,male,0,own,little,little,2473,18,furniture/equipment
3863,36,male,2,own,little,Rich,1542,12,business
5330,27,male,2,own,little,Rich,3850,18,car
1487,22,female,2,rent,little,little,3650,18,furniture/equipment
2252,42,male,2,own,little,little,3446,36,furniture/equipment
4846,40,female,2,rent,little,moderate,3001,18,furniture/equipment
3016,36,male,2,own,Rich,Rich,3079,36,car
1386,33,male,2,own,little,Rich,6070,18,radio/TV
2631,23,female,2,rent,little,little,2146,10,furniture/equipment
1398,63,male,3,free,little,little,13756,60,car
8621,60,female,3,free,moderate,moderate,14782,60,vacation/others
8925,37,female,2,rent,little,little,7685,48,business
4015,34,male,2,own,little,Rich,2320,18,radio/TV
7845,36,male,2,free,little,little,846,7,radio/TV
4659,57,male,3,free,little,moderate,14318,36,car
1148,52,female,1,own,moderate,Moderate,362,6,car
2808,39,male,2,own,Rich,little,2212,20,furniture/equipment
6329,38,female,3,free,little,moderate,12976,18,car
4777,25,female,2,rent,little,little,1283,22,car
9247,26,male,2,own,little,rich,1330,12,car
6989,26,male,1,own,moderate,Moderate,4272,30,business
3159,25,female,2,own,little,Rich,2238,18,radio/TV
4430,21,female,2,rent,little,little,1126,18,radio/TV
7865,40,male,3,own,little,moderate,7374,18,furniture/equipment
7925,27,male,2,own,quite rich,moderate,2326,15,business
2164,27,female,2,own,little,Rich,1449,9,business
4448,30,male,3,own,little,Rich,1820,18,car
7215,19,female,1,rent,rich,moderate,983,12,furniture/equipment
5392,39,male,3,free,little,little,3249,36,car
7989,31,female,2,own,little,little,1957,6,radio/TV
5201,31,male,3,own,little,Rich,2406,9,furniture/equipment
9028,32,male,2,rent,moderate,moderate,11760,39,education
1621,55,female,3,free,little,little,2578,12,furniture/equipment
5308,46,male,2,own,little,little,2348,36,furniture/equipment
3428,46,male,2,rent,little,moderate,1223,12,car
7293,43,female,1,own,rich,Moderate,1516,24,radio/TV
5446,39,male,2,own,little,Rich,1473,18,radio/TV
8351,28,male,2,own,Rich,moderate,1887,18,business
3665,27,male,2,own,little,Rich,8648,24,business
2469,27,male,1,own,little,Moderate,802,14,car
9302,43,male,2,own,Rich,moderate,2899,18,car
1024,22,male,2,own,little,moderate,2039,24,radio/TV
1618,43,male,2,own,Rich,Rich,2197,24,car
1194,27,male,2,own,little,little,1053,15,radio/TV
5417,26,male,3,own,quite rich,Rich,3235,24,radio/TV
5690,28,male,2,own,quite rich,rich,939,12,car
2870,20,female,2,own,little,moderate,1967,24,radio/TV
7678,35,male,3,own,little,Rich,7253,33,car
4773,42,male,3,own,little,Rich,2292,12,business
6982,40,male,1,rent,quite rich,Moderate,1597,10,car
5481,35,female,2,own,Rich,little,1381,24,car
2115,35,male,2,own,little,Rich,5842,36,car
8318,33,male,1,own,little,little,2579,12,car
1956,23,female,2,rent,little,little,8471,18,education
7958,31,female,3,own,quite rich,Rich,2782,21,car
2294,33,female,2,own,Rich,moderate,1042,18,car
3347,20,female,2,rent,rich,little,3186,15,car
1244,30,male,2,own,Rich,moderate,2028,12,car
7982,47,male,1,own,little,moderate,958,12,car
4510,34,male,3,own,moderate,Rich,1591,21,furniture/equipment
9684,25,female,2,own,Rich,moderate,2762,12,furniture/equipment
4614,21,male,2,rent,little,moderate,2779,18,car
1809,29,male,2,own,little,Rich,2743,28,radio/TV
7476,46,male,2,own,rich,Rich,1149,18,radio/TV
3902,20,male,2,own,little,Rich,1313,9,furniture/equipment
8120,55,female,0,free,little,little,1190,18,repairs
8252,74,male,1,own,little,Moderate,3448,5,business
9320,29,male,3,own,little,moderate,11328,24,vacation/others
9284,36,male,3,free,little,little,1872,6,furniture/equipment
8782,33,male,2,own,little,Rich,2058,24,repairs
5872,25,male,2,own,little,little,2136,9,furniture/equipment
9599,25,male,2,own,Rich,moderate,1484,12,radio/TV
6751,23,male,1,rent,quite rich,Moderate,660,6,repairs
9934,37,female,2,own,rich,Rich,1287,24,car
3287,65,male,0,own,little,little,3394,42,repairs
4927,26,female,0,own,little,rich,609,12,business
9855,39,male,3,own,little,Rich,1884,12,car
4581,30,female,2,own,little,little,1620,12,furniture/equipment
7291,29,male,2,own,little,moderate,2629,20,vacation/others
5020,41,male,1,own,little,Moderate,719,12,education
5592,30,female,3,own,little,moderate,5096,48,furniture/equipment
7459,41,female,1,rent,Moderate,Moderate,1244,9,education
9697,34,female,2,own,little,little,1842,36,car
5909,35,male,2,own,little,moderate,2576,7,radio/TV
8335,55,female,3,own,Rich,rich,1424,12,furniture/equipment
9291,61,male,2,own,rich,moderate,1512,15,repairs
5325,30,male,3,own,Rich,Rich,11054,36,car
7823,29,female,2,own,little,Rich,518,6,radio/TV
7724,34,male,2,own,little,Rich,2759,12,furniture/equipment
9622,35,male,3,own,little,Rich,2670,24,car
6771,31,male,2,own,little,little,4817,24,car
7299,29,female,3,own,little,Rich,2679,24,car
2001,36,male,2,rent,little,little,3905,11,car
1011,35,male,2,free,little,little,3386,12,car
5182,27,female,2,own,little,little,343,6,domestic appliances
6105,32,male,2,own,little,Rich,4594,18,radio/TV
3278,37,male,2,own,little,little,3620,36,furniture/equipment
5290,36,male,2,own,little,little,1721,15,car
3722,34,female,3,rent,little,moderate,3017,12,furniture/equipment
8459,38,male,2,own,Rich,moderate,754,12,education
2418,34,male,2,own,little,Rich,1950,18,business
4759,63,male,2,own,little,little,2924,24,car
8084,29,female,1,rent,little,little,1659,24,radio/TV
1121,32,male,2,own,Rich,Rich,7238,48,radio/TV
3772,26,female,2,own,little,Rich,2764,33,business
6493,35,male,1,own,little,Moderate,4679,24,car
3213,22,male,2,rent,moderate,moderate,3092,24,radio/TV
3367,23,female,2,own,little,little,448,6,education
8329,28,male,1,own,little,little,654,9,car
8605,36,male,3,own,Rich,Rich,1238,6,education
6203,33,male,2,own,little,moderate,1245,18,radio/TV
4837,26,female,2,rent,little,little,3114,18,furniture/equipment
4851,24,male,2,own,quite rich,Rich,2569,39,car
8557,25,male,2,own,little,rich,5152,24,radio/TV
5192,39,male,1,own,moderate,moderate,1037,12,business
3061,44,male,2,own,little,little,1478,15,furniture/equipment
3391,23,female,1,own,little,moderate,3573,12,radio/TV
6944,26,male,2,own,little,moderate,1201,24,car
6709,57,female,2,rent,rich,little,3622,30,furniture/equipment
8251,30,female,2,own,rich,Rich,960,15,furniture/equipment
1737,44,male,2,own,quite rich,Rich,1163,12,car
7530,47,male,3,own,little,moderate,1209,6,car
9313,52,male,2,own,little,Rich,3077,12,radio/TV
7079,62,female,2,free,little,little,3757,24,car
8104,35,male,1,rent,moderate,Moderate,1418,10,car
5046,26,male,2,rent,little,little,3518,6,car
3603,26,male,2,own,little,Rich,1934,12,radio/TV
3794,42,female,3,free,little,moderate,8318,27,business
8570,27,female,2,own,moderate,Rich,1237,6,radio/TV
1067,38,male,2,own,Rich,moderate,368,6,radio/TV
7041,39,male,1,rent,little,little,2122,12,car
9885,20,male,2,own,Rich,little,2996,24,furniture/equipment
2279,29,male,3,rent,moderate,moderate,9034,36,furniture/equipment
9981,40,male,2,own,little,Rich,1585,24,furniture/equipment
7427,32,male,1,own,little,moderate,1301,18,radio/TV
9666,28,male,2,own,moderate,rich,1323,6,car
5890,27,female,2,own,little,little,3123,24,car
2135,42,male,2,free,little,little,5493,36,car
5170,49,male,2,own,moderate,rich,1126,9,radio/TV
7161,38,male,2,own,moderate,moderate,1216,24,radio/TV
6064,24,female,2,rent,little,little,1207,24,car
6570,27,male,1,own,Moderate,Moderate,1309,10,car
3363,36,male,2,own,quite rich,rich,2360,15,car
5096,34,male,3,own,moderate,moderate,6850,15,car
8079,28,male,2,own,little,Rich,1413,24,radio/TV
6000,45,male,3,own,moderate,Rich,8588,39,car
3608,26,male,2,own,little,little,759,12,car
8895,32,male,3,free,little,little,4686,36,car
5916,26,male,2,rent,little,rich,2687,15,business
1789,20,male,2,rent,little,moderate,585,12,radio/TV
4030,54,male,2,own,Rich,Rich,2255,24,car
7782,37,female,2,own,little,little,609,6,car
6108,40,male,1,own,little,little,1361,6,car
2896,23,female,2,rent,little,little,7127,36,furniture/equipment
4678,43,male,2,own,moderate,little,1203,6,car
4089,36,male,2,free,little,little,700,6,radio/TV
1691,44,male,2,free,little,little,5507,24,repairs
4009,24,female,2,own,little,little,3190,18,radio/TV
7876,53,male,2,free,little,little,7119,48,furniture/equipment
9312,23,female,2,own,moderate,Rich,3488,24,car
4893,26,female,1,own,little,moderate,1113,18,radio/TV
3595,30,male,2,own,little,moderate,7966,26,car
2729,31,female,2,own,moderate,Rich,1532,15,education
8075,42,male,1,own,little,Moderate,1503,4,radio/TV
7758,31,male,2,rent,little,little,2302,36,radio/TV
2278,41,male,1,own,little,little,662,6,car
3288,32,male,2,own,little,moderate,2273,36,education
3590,28,female,2,rent,moderate,moderate,2631,15,car
4947,41,male,2,rent,little,little,1503,12,car
3789,26,male,2,own,moderate,Rich,1311,24,radio/TV
8852,25,male,2,own,Rich,Rich,3105,24,radio/TV
4068,33,male,2,rent,little,rich,2319,21,education
9651,75,female,3,own,Rich,little,1374,6,car
9786,37,female,2,own,little,moderate,3612,18,furniture/equipment
1983,42,male,3,free,little,little,7763,48,car
2558,45,female,1,own,little,rich,3049,18,furniture/equipment
3593,23,male,2,rent,little,moderate,1534,12,radio/TV
4352,60,male,2,free,little,little,2032,24,car
2000,31,male,2,own,Rich,little,6350,30,furniture/equipment
2121,34,male,1,own,little,rich,2864,18,furniture/equipment
7032,61,male,1,own,little,Moderate,1255,12,car
6808,43,male,2,free,little,little,1333,24,car
4051,37,female,2,own,little,Rich,2022,24,car
3388,32,male,2,own,little,Rich,1552,24,radio/TV
1755,24,female,1,own,little,little,626,12,radio/TV
5215,35,male,2,free,little,little,8858,48,car
3286,23,female,2,own,Rich,Rich,996,12,repairs
4213,45,male,1,own,quite rich,Moderate,1750,6,radio/TV
2306,34,male,2,own,little,little,6999,48,radio/TV
1664,27,male,2,own,moderate,moderate,1995,12,car
3733,67,female,3,own,little,moderate,1199,9,education
2365,22,male,2,own,little,moderate,1331,12,radio/TV
7213,28,female,2,own,moderate,moderate,2278,18,car
2444,29,female,2,own,Rich,Rich,5003,21,car
6205,27,male,2,own,little,little,3552,24,furniture/equipment
8521,31,male,1,own,little,moderate,1928,18,furniture/equipment
5868,49,male,2,free,little,little,2964,24,car
9164,24,male,1,rent,little,little,1546,24,radio/TV
1307,29,female,2,own,little,rich,683,6,radio/TV
6174,37,male,2,free,little,moderate,12389,36,car
5443,37,male,3,own,Rich,moderate,4712,24,business
5141,23,female,2,rent,moderate,moderate,1553,24,radio/TV
4850,36,male,2,own,little,little,1372,12,car
9893,34,male,2,own,rich,Rich,2578,24,radio/TV
1081,41,male,2,own,Rich,moderate,3979,48,radio/TV
7050,31,female,2,own,little,little,6758,48,radio/TV
9360,23,female,1,rent,little,little,3234,24,furniture/equipment
2104,38,male,2,own,little,Rich,5954,30,radio/TV
5120,26,female,3,rent,little,little,5433,24,car
5465,22,female,1,own,little,little,806,15,business
1155,27,male,1,own,little,moderate,1082,9,radio/TV
8121,24,female,2,own,little,Rich,2788,15,furniture/equipment
3953,27,female,2,own,little,moderate,2930,12,radio/TV
1035,33,female,2,own,Rich,Rich,1927,24,education
3464,27,male,2,own,little,moderate,2820,36,car
7814,27,male,1,own,little,Moderate,937,24,education
8991,30,male,2,own,little,moderate,1056,18,car
8670,49,male,1,own,little,moderate,3124,12,car
3746,26,female,2,rent,little,little,1388,9,furniture/equipment
7691,33,male,1,rent,little,moderate,2384,36,repairs
5893,52,female,3,free,little,little,2133,12,car
6614,20,female,2,rent,little,little,2039,18,furniture/equipment
4215,36,male,2,rent,little,little,2799,9,car
9486,21,male,1,own,little,little,1289,12,furniture/equipment
4504,47,male,1,own,little,little,1217,18,domestic appliances
4959,60,male,2,own,little,little,2246,12,furniture/equipment
4675,58,female,1,own,little,little,385,12,radio/TV
3617,42,female,2,rent,little,moderate,1965,24,car
8747,36,female,1,own,rich,Moderate,1572,21,business
5470,20,female,1,rent,little,moderate,2718,24,car
2569,40,male,3,own,Rich,little,1358,24,vacation/others
1936,32,female,1,own,moderate,moderate,931,6,car
4755,23,female,2,rent,little,little,1442,24,car
7123,36,male,1,own,little,moderate,4241,24,business
5272,31,male,2,own,little,Rich,2775,18,car
7472,32,male,2,free,little,little,3863,24,business
7320,45,female,2,own,little,moderate,2329,7,radio/TV
6085,30,female,2,own,little,moderate,918,9,furniture/equipment
4035,34,female,1,free,little,moderate,1837,24,education
9468,28,female,3,own,little,Rich,3349,36,furniture/equipment
2969,23,female,2,own,little,rich,1275,10,furniture/equipment
8221,22,male,2,own,quite rich,little,2828,24,furniture/equipment
3217,74,male,3,own,little,Rich,4526,24,business
1738,50,female,2,free,moderate,moderate,2671,36,radio/TV
7849,33,male,2,own,little,Rich,2051,18,radio/TV
5100,45,male,2,free,little,little,1300,15,car
9450,22,female,2,own,moderate,little,741,12,domestic appliances
3534,48,female,1,free,moderate,rich,1240,10,car
2012,29,female,2,own,rich,little,3357,21,radio/TV
5228,22,female,2,rent,little,little,3632,24,car
2915,22,female,2,own,little,Rich,1808,18,furniture/equipment
9184,48,male,3,own,Rich,moderate,12204,48,business
3381,27,male,3,free,little,moderate,9157,60,radio/TV
8631,37,male,2,rent,little,little,3676,6,car
5754,21,female,2,rent,moderate,moderate,3441,30,furniture/equipment
4276,49,male,1,own,little,Moderate,640,12,car
8487,27,male,2,own,little,moderate,3652,21,business
2961,32,male,2,own,little,Rich,1530,18,car
1439,38,male,2,own,Rich,Rich,3914,48,business
4891,22,female,2,rent,little,little,1858,12,furniture/equipment
4593,65,male,2,free,little,little,2600,18,radio/TV
1669,35,male,2,own,Rich,Rich,1979,15,radio/TV
3737,41,male,2,own,little,rich,2116,6,furniture/equipment
1329,29,male,2,own,moderate,moderate,1437,9,car
1702,36,male,2,own,quite rich,Rich,4042,42,furniture/equipment
6772,64,male,1,own,Moderate,Moderate,3832,9,education
4637,28,female,2,own,little,little,3660,24,radio/TV
2836,44,male,2,own,little,little,1553,18,furniture/equipment
2711,23,male,2,own,Rich,moderate,1444,15,radio/TV
6313,19,female,2,rent,little,little,1980,9,furniture/equipment
8424,25,female,1,own,little,moderate,1355,24,car
6839,47,male,2,own,little,Rich,1393,12,education
5746,28,female,2,own,quite rich,Rich,1376,24,radio/TV
4763,21,male,2,own,little,Rich,15653,60,radio/TV
9587,34,female,2,own,little,Rich,1493,12,radio/TV
8355,26,male,2,own,little,little,4370,42,radio/TV
1214,27,female,0,own,little,little,750,18,education
1542,38,male,1,own,little,moderate,1308,15,repairs
5989,40,male,3,own,moderate,Rich,4623,15,education
3321,33,male,2,own,little,Rich,1851,24,radio/TV
9700,32,male,3,own,little,little,1880,18,radio/TV
6163,27,male,2,rent,little,little,7980,36,business
7442,32,male,2,own,little,little,4583,30,furniture/equipment
4500,26,female,2,own,quite rich,Rich,1386,12,car
2200,38,male,2,free,little,rich,947,24,car
5811,40,male,1,rent,little,little,684,12,education
3696,50,male,3,free,little,little,7476,48,education
6282,37,male,1,own,little,moderate,1922,12,furniture/equipment
2501,45,male,2,own,little,little,2303,24,car
4540,42,male,3,own,moderate,moderate,8086,36,car
2606,35,male,2,own,little,Rich,2346,24,car
9646,22,male,2,free,little,little,3973,14,car
5819,41,male,1,own,little,moderate,888,12,car
3954,37,male,2,own,Rich,Rich,10222,48,radio/TV
8160,28,female,2,own,little,moderate,4221,30,business
8430,41,male,2,own,little,moderate,6361,18,furniture/equipment
2917,23,male,2,rent,little,rich,1297,12,radio/TV
4093,23,male,2,own,Rich,little,900,12,car
4267,50,male,2,own,little,Rich,2241,21,furniture/equipment
1954,35,male,3,own,little,moderate,1050,6,furniture/equipment
8721,50,female,1,own,little,rich,1047,6,education
2134,27,male,3,own,little,Rich,6314,24,vacation/others
1521,34,male,2,own,rich,moderate,3496,30,furniture/equipment
7162,27,female,2,own,little,Rich,3609,48,business
7686,43,male,2,rent,little,little,4843,12,car
5042,47,male,2,own,little,rich,3017,30,radio/TV
1271,27,male,1,own,moderate,Moderate,4139,24,business
2586,31,male,2,own,moderate,Rich,5742,36,business
5966,42,male,3,own,little,Rich,10366,60,car
8429,24,male,2,own,quite rich,Rich,2080,6,car
2634,41,male,1,own,quite rich,Moderate,2580,21,business
9118,26,female,3,rent,little,little,4530,30,radio/TV
5800,33,male,2,own,little,Rich,5150,24,furniture/equipment
8543,24,male,2,own,moderate,moderate,5595,72,radio/TV
6185,64,male,1,rent,little,little,2384,24,radio/TV
2219,26,female,2,own,little,Rich,1453,18,radio/TV
3407,56,female,2,own,little,Rich,1538,6,education
1824,37,male,2,free,little,little,2279,12,radio/TV
3359,33,male,2,own,little,Rich,1478,15,radio/TV
7043,47,male,2,free,little,little,5103,24,radio/TV
6018,31,male,1,own,moderate,moderate,9857,36,business
9230,34,male,2,free,little,little,6527,60,car
8780,27,male,2,own,Rich,rich,1347,10,radio/TV
4509,30,male,2,free,moderate,moderate,2862,36,car
4489,35,male,2,own,moderate,Rich,2753,9,radio/TV
9040,31,male,2,own,rich,little,3651,12,car
3214,25,male,2,own,little,little,975,15,furniture/equipment
4170,25,female,1,own,moderate,moderate,2631,15,repairs
3910,29,male,2,own,moderate,moderate,2896,24,radio/TV
9280,44,male,1,own,Moderate,little,4716,6,car
6840,28,male,2,own,little,Rich,2284,24,radio/TV
6335,50,male,2,rent,quite rich,little,1236,6,car
8227,29,male,2,own,little,moderate,1103,12,radio/TV
6030,38,female,0,own,little,little,926,12,car
2369,24,male,2,own,little,Rich,1800,18,radio/TV
7884,40,male,3,rent,little,rich,1905,15,education
3962,29,female,1,rent,quite rich,Moderate,1123,12,furniture/equipment
2692,46,male,2,free,little,little,6331,48,car
7981,47,female,2,free,moderate,rich,1377,24,radio/TV
2617,41,male,2,own,moderate,moderate,2503,30,business
2633,32,female,2,own,little,moderate,2528,27,business
5590,35,female,2,free,quite rich,little,5324,15,car
5514,24,male,2,own,moderate,moderate,6560,48,car
9858,25,female,2,rent,little,moderate,2969,12,furniture/equipment
7465,25,female,2,own,little,moderate,1206,9,radio/TV
9789,37,male,1,own,little,moderate,2118,9,radio/TV
2719,32,male,3,own,quite rich,Rich,629,18,radio/TV
9950,35,female,2,free,little,little,1198,6,education
9022,46,male,3,own,Rich,Rich,2476,21,car
6866,25,male,1,own,little,little,1138,9,radio/TV
5416,27,male,3,own,little,moderate,14027,60,car
2367,63,male,2,own,Rich,Rich,7596,30,car
7698,40,male,2,own,Rich,Rich,3077,30,radio/TV
3435,32,male,3,free,little,little,1505,18,radio/TV
8693,31,male,2,own,Rich,rich,3148,24,radio/TV
9163,31,male,2,own,moderate,moderate,6148,20,car
6880,34,male,3,own,little,rich,1337,9,radio/TV
8552,24,female,2,rent,rich,moderate,433,6,education
9237,24,female,1,own,little,little,1228,12,car
7577,66,female,1,own,quite rich,moderate,790,9,radio/TV
1810,21,female,2,rent,little,little,2570,27,car
9359,41,female,1,own,rich,Moderate,250,6,car
7757,47,male,1,own,quite rich,Moderate,1316,15,radio/TV
8310,25,female,2,rent,little,little,1882,18,radio/TV
6660,59,female,2,rent,little,moderate,6416,48,business
8897,36,male,2,own,rich,rich,1275,24,business
4892,33,male,2,own,little,moderate,6403,24,radio/TV
9658,21,male,1,rent,little,little,1987,24,radio/TV
4998,44,female,1,own,little,moderate,760,8,radio/TV
3000,28,female,2,rent,rich,little,2603,24,car
5449,37,female,2,own,little,Rich,3380,4,car
9780,29,female,0,own,little,moderate,3990,36,domestic appliances
4732,23,female,3,rent,little,moderate,11560,24,car
7601,35,male,1,own,moderate,little,4380,18,car
2516,45,male,3,own,little,Rich,6761,6,car
4208,26,female,1,rent,moderate,moderate,4280,30,business
9936,32,male,2,own,moderate,little,2325,24,car
6182,23,male,1,own,little,moderate,1048,10,radio/TV
4220,41,male,2,own,Rich,Rich,3160,21,radio/TV
2236,22,male,2,own,quite rich,little,2483,24,furniture/equipment
1054,30,male,3,own,Rich,little,14179,39,furniture/equipment
7131,28,male,1,own,little,little,1797,13,business
1333,23,female,2,rent,little,little,2511,15,car
6208,37,female,1,own,little,little,1274,12,car
3604,26,male,2,own,Rich,Rich,5248,21,car
6014,33,male,2,own,little,Rich,3029,15,car
4706,49,female,2,own,little,little,428,6,furniture/equipment
3387,23,female,1,own,little,little,976,18,car
4715,23,female,1,rent,moderate,moderate,841,12,business
9838,25,female,2,own,little,Rich,5771,30,radio/TV
8109,55,male,2,free,rich,little,1555,12,repairs
1296,32,female,2,rent,little,little,1285,24,car
1424,74,male,0,own,little,rich,1299,6,car
5419,39,male,2,free,little,rich,1271,15,radio/TV
9108,31,male,2,own,little,Rich,1393,24,car
3063,35,male,2,own,little,little,691,12,car
2428,59,female,2,own,Rich,Rich,5045,15,car
1625,24,female,2,rent,little,little,2124,18,furniture/equipment
2957,24,male,1,own,little,little,2214,12,radio/TV
6467,30,male,3,free,little,little,12680,21,car
5751,27,male,2,own,moderate,Rich,2463,24,car
3885,40,male,1,own,little,moderate,1155,12,radio/TV
2231,31,male,1,own,little,little,3108,30,furniture/equipment
4900,31,female,2,rent,little,little,2901,10,car
1213,28,male,2,rent,little,moderate,3617,12,furniture/equipment
2579,63,male,1,own,little,Moderate,1655,12,radio/TV
1120,26,female,2,rent,little,little,2812,24,car
6286,25,female,3,own,little,little,8065,36,education
7518,36,male,3,own,little,Rich,3275,21,car
6093,52,male,2,own,moderate,Rich,2223,24,radio/TV
4422,66,male,0,free,quite rich,rich,1480,12,car
3170,25,female,2,rent,little,little,1371,24,car
1513,37,male,2,own,little,Rich,3535,36,car
6647,25,female,2,own,little,little,3509,18,radio/TV
3923,38,male,3,own,rich,Rich,5711,36,car
6333,67,female,2,own,little,moderate,3872,18,repairs
4655,25,male,2,own,little,moderate,4933,39,radio/TV
8148,60,male,2,own,rich,Rich,1940,24,car
5699,31,male,1,own,little,moderate,1410,12,education
3303,23,female,1,own,moderate,moderate,836,12,car
2304,60,male,3,own,Rich,moderate,6468,20,car
4027,35,male,1,own,rich,moderate,1941,18,business
5118,40,male,2,own,quite rich,Rich,2675,22,radio/TV
6626,38,male,2,own,Rich,Rich,2751,48,car
1475,50,male,2,free,little,moderate,6224,48,education
5051,27,male,2,own,little,little,5998,40,education
6359,39,female,2,own,little,moderate,1188,21,business
9727,41,male,3,own,Rich,Rich,6313,24,car
5032,27,male,2,own,Rich,Rich,1221,6,furniture/equipment
5271,51,male,2,free,little,rich,2892,24,furniture/equipment
4279,32,male,2,rent,quite rich,little,3062,24,furniture/equipment
5450,22,female,2,rent,moderate,little,2301,9,furniture/equipment
9417,51,male,2,free,little,little,7511,18,car
7969,22,female,1,rent,little,Moderate,1258,12,furniture/equipment
1026,54,male,2,own,Rich,Rich,717,24,car
6058,35,male,0,own,little,moderate,1549,9,car
6377,54,male,2,free,little,little,1597,24,education
1859,48,female,1,rent,little,moderate,1795,18,radio/TV
8442,24,female,2,own,little,little,4272,20,furniture/equipment
9607,35,male,2,own,Rich,Rich,976,12,radio/TV
7970,24,female,0,rent,little,moderate,7472,12,car
7653,24,male,2,own,little,little,9271,36,car
8163,26,male,1,own,little,moderate,590,6,radio/TV
8010,65,male,2,own,Rich,Rich,930,12,radio/TV
3254,55,male,3,free,little,moderate,9283,42,car
1326,26,female,0,rent,little,moderate,1778,15,car
8982,26,male,2,own,little,moderate,907,8,business
8478,28,male,1,own,little,moderate,484,6,radio/TV
5622,24,male,2,own,little,little,9629,36,car
7861,54,male,2,own,little,little,3051,48,domestic appliances
7331,46,male,2,free,little,little,3931,48,car
3086,54,female,2,rent,little,moderate,7432,36,car
9399,62,male,2,own,quite rich,Rich,1338,6,domestic appliances
2707,24,female,2,rent,little,little,1554,6,radio/TV
2234,43,male,3,own,little,little,15857,36,vacation/others
3960,26,male,2,own,little,little,1345,18,radio/TV
5704,27,male,2,own,little,Rich,1101,12,car
3113,24,male,2,own,little,rich,3016,12,radio/TV
6190,41,male,2,own,little,little,2712,36,furniture/equipment
5899,47,male,1,own,little,little,731,8,car
2340,35,male,3,own,little,Rich,3780,18,furniture/equipment
3493,30,male,2,own,little,little,1602,21,car
1596,33,female,2,rent,little,little,3966,18,car
5538,36,male,2,own,little,Rich,4165,18,business
4707,47,male,2,free,little,little,8335,36,car
6903,38,male,2,free,little,moderate,6681,48,business
7343,44,male,2,own,quite rich,Rich,2375,24,business
7287,23,female,2,rent,little,little,1216,18,car
5962,29,male,2,rent,little,little,11816,45,business
2307,42,female,2,own,Rich,moderate,5084,24,radio/TV
2787,25,female,1,own,little,rich,2327,15,radio/TV
5224,48,male,2,own,little,little,1082,12,car
6300,21,female,2,own,Rich,Rich,886,12,radio/TV
7726,23,female,1,rent,little,Moderate,601,4,furniture/equipment
2073,63,male,2,own,little,little,2957,24,car
1633,46,male,2,own,little,Rich,2611,24,radio/TV
6725,29,male,2,own,little,little,5179,36,furniture/equipment
6447,28,male,1,own,little,Moderate,2993,21,car
7522,23,female,2,own,little,Rich,1943,18,repairs
7300,50,male,2,own,little,Rich,1559,24,business
7488,47,male,2,own,little,Rich,3422,18,furniture/equipment
9955,35,male,2,own,Rich,moderate,3976,21,furniture/equipment
2050,68,male,2,rent,little,little,6761,18,car
6561,28,male,2,own,little,Rich,1249,24,car
5584,59,male,2,own,little,little,1364,9,radio/TV
6530,57,male,1,own,little,little,709,12,radio/TV
7945,33,male,2,rent,little,little,2235,20,car
9283,43,male,2,own,Rich,Rich,4042,24,car
3826,35,male,2,free,little,little,1471,15,radio/TV
2563,32,male,1,free,little,little,1442,18,car
2186,45,male,2,own,little,Rich,10875,36,car
1476,33,male,2,own,moderate,Rich,1474,24,car
1027,40,female,2,own,Rich,Rich,894,10,education
3257,28,male,2,free,little,little,3343,15,furniture/equipment
7860,29,female,2,own,little,little,3959,15,car
5922,26,male,2,rent,moderate,little,3577,9,car
8772,27,male,2,own,rich,Rich,5804,24,car
5979,28,male,2,own,little,Rich,2169,18,business
9584,35,female,2,own,little,little,2439,24,radio/TV
2683,32,male,1,own,rich,Moderate,4526,27,furniture/equipment
8419,25,male,1,rent,little,Moderate,2210,10,furniture/equipment
4411,20,female,2,rent,quite rich,little,2221,15,furniture/equipment
9973,27,female,2,own,little,little,2389,18,radio/TV
6409,42,male,2,own,little,Rich,3331,12,furniture/equipment
6151,37,male,2,own,Rich,Rich,7409,36,business
2709,24,female,2,rent,little,little,652,12,furniture/equipment
8177,40,female,2,own,quite rich,Rich,7678,36,furniture/equipment
3612,46,male,2,own,little,rich,1343,6,car
3274,26,male,2,own,moderate,little,1382,24,business
8578,24,female,2,own,Rich,Rich,874,15,domestic appliances
2731,29,male,1,own,little,little,3590,12,furniture/equipment
3308,40,female,2,own,rich,moderate,1322,11,car
4285,36,male,3,free,little,little,1940,18,radio/TV
5730,28,male,2,own,little,Rich,3595,36,radio/TV
9270,27,male,3,free,little,little,1422,9,car
2442,36,male,2,own,Rich,Rich,6742,30,radio/TV
4138,38,male,3,own,little,Rich,7814,24,car
5722,48,male,2,free,little,little,9277,24,car
3231,36,male,2,own,Rich,moderate,2181,30,car
8483,65,female,0,own,little,little,1098,18,radio/TV
6032,43,male,2,own,little,moderate,4057,24,furniture/equipment
7439,53,female,2,own,little,little,795,12,education
3937,34,male,2,own,Rich,moderate,2825,24,business
4611,23,male,2,own,little,moderate,15672,48,business
6214,34,male,3,own,little,Rich,6614,36,car
2357,40,male,2,rent,little,little,7824,28,car
9867,43,male,3,own,little,little,2442,27,business
2401,46,male,2,own,little,Rich,1829,15,radio/TV
2348,38,male,1,own,little,little,2171,12,car
9092,34,male,2,own,little,moderate,5800,36,car
1627,29,male,2,own,Rich,Rich,1169,18,radio/TV
8364,31,male,3,own,Rich,Rich,8947,36,car
3112,28,female,3,rent,little,little,2606,21,radio/TV
7828,35,female,2,own,rich,Rich,1592,12,furniture/equipment
3448,33,female,1,rent,Moderate,Moderate,2186,15,furniture/equipment
7636,42,male,2,own,little,little,4153,18,furniture/equipment
1283,43,male,2,rent,little,little,2625,16,car
6949,44,male,2,own,Rich,Rich,3485,20,car
3342,42,male,2,free,little,little,10477,36,car
2989,40,male,2,rent,little,little,1386,15,radio/TV
8091,36,male,3,own,little,Rich,1278,24,radio/TV
5799,20,male,3,rent,little,little,1107,12,radio/TV
1753,24,male,1,own,Moderate,little,3763,21,car
8336,27,male,2,own,Rich,moderate,3711,36,education
5243,46,female,1,own,little,Moderate,3594,15,car
5083,33,female,1,own,Moderate,moderate,3195,9,car
8656,34,female,2,own,little,Rich,4454,36,radio/TV
5268,25,female,1,own,little,moderate,4736,24,furniture/equipment
2450,25,female,2,own,Rich,moderate,2991,30,radio/TV
7987,28,male,2,own,rich,Rich,2142,11,business
6602,31,male,2,rent,little,little,3161,24,business
7038,32,female,3,own,little,moderate,18424,48,vacation/others
8960,32,male,2,own,moderate,Rich,2848,10,car
2535,68,male,3,own,little,little,14896,6,car
4257,33,male,2,own,moderate,little,2359,24,furniture/equipment
4079,39,male,3,rent,little,little,3345,24,furniture/equipment
3323,28,female,2,own,little,Rich,1817,18,furniture/equipment
4357,37,male,3,own,quite rich,Rich,12749,48,radio/TV
6823,22,female,2,rent,little,little,1366,9,radio/TV
3849,30,male,2,rent,little,moderate,2002,12,car
5764,55,male,2,own,little,little,6872,24,furniture/equipment
2396,46,male,2,own,little,little,697,12,car
4620,21,female,2,rent,little,little,1049,18,furniture/equipment
2209,39,male,2,free,little,little,10297,48,car
4497,58,male,2,own,Rich,Rich,1867,30,radio/TV
8287,43,male,1,own,little,little,1344,12,car
7608,24,male,1,own,little,little,1747,24,furniture/equipment
3908,22,female,2,own,little,moderate,1670,9,radio/TV
3013,30,male,2,own,little,Rich,1224,9,car
6343,42,male,2,own,quite rich,Rich,522,12,radio/TV
9827,23,female,2,own,little,little,1498,12,radio/TV
7196,30,male,3,own,moderate,moderate,1919,30,radio/TV
1206,28,female,1,own,little,rich,745,9,radio/TV
9497,30,male,3,rent,little,moderate,2063,6,radio/TV
6101,42,male,2,free,little,moderate,6288,60,education
5475,46,male,3,own,Rich,Rich,6842,24,car
3580,45,male,3,own,Rich,Rich,3527,12,car
8142,31,male,1,own,little,Moderate,1546,10,car
5061,31,male,2,own,Rich,Rich,929,24,furniture/equipment
9357,42,male,1,own,little,Moderate,1455,4,car
7657,46,female,2,rent,little,little,1845,15,furniture/equipment
5605,30,female,2,own,quite rich,moderate,8358,48,car
1444,30,male,2,free,quite rich,little,3349,24,furniture/equipment
6008,38,male,3,own,Rich,Rich,2859,12,car
6470,43,male,1,own,little,Moderate,1533,18,furniture/equipment
4188,31,male,2,own,moderate,Rich,3621,24,radio/TV
6516,40,male,0,own,little,moderate,3590,18,business
5013,24,male,2,own,little,little,2145,36,business
9021,28,female,2,rent,quite rich,moderate,4113,24,car
5834,26,female,3,own,little,Rich,10974,36,furniture/equipment
6977,29,female,2,own,little,little,1893,12,car
2155,57,female,3,rent,rich,little,1231,24,radio/TV
7852,49,male,1,own,Moderate,rich,3656,30,radio/TV
6155,37,male,1,own,little,moderate,1154,9,radio/TV
4961,45,male,1,own,little,little,4006,28,car
1033,30,male,2,free,moderate,moderate,3069,24,furniture/equipment
8633,30,male,2,rent,little,little,1740,6,radio/TV
1442,47,male,2,own,little,moderate,2353,21,car
9935,29,male,2,own,Rich,Rich,3556,15,car
9227,35,male,2,own,quite rich,Rich,2397,24,radio/TV
3070,22,male,1,own,little,moderate,454,6,repairs
6604,26,female,2,own,Rich,moderate,1715,30,radio/TV
2322,23,male,1,own,quite rich,moderate,2520,27,radio/TV
4110,54,female,3,rent,little,little,3568,15,radio/TV
5208,29,male,2,rent,little,little,7166,42,radio/TV
8423,40,male,1,own,little,little,3939,11,car
5122,22,male,2,own,moderate,moderate,1514,15,repairs
4412,43,male,1,own,little,Moderate,7393,24,car
2970,29,female,0,rent,little,little,1193,24,car
6597,36,male,2,rent,little,little,7297,60,business
6273,33,female,2,own,little,Rich,2831,30,radio/TV
1464,57,female,1,own,quite rich,rich,1258,24,radio/TV
6899,64,female,2,own,little,moderate,753,6,radio/TV
4506,42,male,2,own,Rich,moderate,2427,18,business
7736,47,male,1,own,little,Moderate,2538,24,car
7468,25,male,2,rent,moderate,moderate,1264,15,car
2892,49,male,2,own,little,moderate,8386,30,furniture/equipment
7912,33,male,3,rent,little,little,4844,48,business
3596,28,female,3,own,moderate,rich,2923,21,car
2587,26,male,2,own,little,little,8229,36,car
2942,30,male,1,own,little,Moderate,2028,24,furniture/equipment
2885,25,female,2,rent,little,little,1433,15,furniture/equipment
1685,33,male,2,own,little,rich,6289,42,business
6596,64,female,2,own,moderate,Rich,1409,13,radio/TV
7576,29,male,3,free,little,little,6579,24,car
8983,48,male,1,own,little,moderate,1743,24,radio/TV
5220,37,male,1,own,Moderate,Moderate,3565,12,education
3679,34,male,1,own,moderate,Moderate,1569,15,radio/TV
2933,23,male,1,rent,Moderate,little,1936,18,radio/TV
3199,30,male,3,own,little,little,3959,36,furniture/equipment
8013,50,male,2,own,Rich,Rich,2390,12,car
2165,31,female,1,own,little,Moderate,1736,12,furniture/equipment
3345,40,male,3,own,little,little,3857,30,car
2111,38,male,2,own,little,Rich,804,12,radio/TV
9678,23,male,2,free,little,little,1845,45,radio/TV
7976,27,male,2,own,moderate,moderate,4576,45,car
